eeg_id,seizure_vote,lpd_vote,gpd_vote,lrda_vote,grda_vote,other_vote
3911565283,0.07890277278049672,0.20352007446899298,0.2156067137545463,0.21631161052888884,0.1283336038091442,0.15732522601694132
